0.0,0.0.1,0.0.2,1.0
-0.4443106742886969,0.2883611261112333,-0.5955691774814856,1.0
-0.4151636204566671,0.2681937565366764,-0.5951846027906061,1.0
-0.3133667881309598,0.1984832330964195,-0.5944251899282491,1.0
-0.1691994017766148,0.1003621733778581,-0.5937582733114577,1.0
0.0274512252558909,-0.0330463707453871,-0.5930830590606829,1.0
0.2310981668806744,-0.1708522647250648,-0.5925242404952078,1.0
0.5059456801362229,-0.3564230274011056,-0.5920734248899668,1.0
0.7837711696551249,-0.5436320395761239,-0.5918824532104915,1.0
1.1073539180059515,-0.7614752120557432,-0.5917253309329316,1.0
1.384401619640894,-0.9459815685939728,-0.572116373672915,1.0
1.6165906521282425,-1.0966496268857229,-0.571066683683327,1.0
1.8950064406732383,-1.2760561722676718,-0.5707346572454934,1.0
2.17325170141747,-1.454981512484009,-0.570567080240186,1.0
2.4506096350769364,-1.6332838258769795,-0.5704153901617852,1.0
2.7276803490287045,-1.811292922728652,-0.5702752862092028,1.0
3.003847361298116,-1.9887111899666936,-0.5701281058894779,1.0
3.2810253861817,-2.166688738329825,-0.5699584586644296,1.0
3.587649639778645,-2.363701533232253,-0.5694567583854113,1.0
3.939848390704351,-2.589754250528315,-0.5688901348471491,1.0
4.302904031562356,-2.822313516539549,-0.568631306145052,1.0
4.665530519367259,-3.0543195448565696,-0.5684719326010056,1.0
5.027052620008917,-3.285563909792251,-0.5683186834377897,1.0
5.388080267012219,-3.516367507453783,-0.568175905350496,1.0
5.747995590004936,-3.746431686768921,-0.5680256096062952,1.0
6.04752791298357,-3.937818509872132,-0.5678988242748335,1.0
6.465732781359507,-4.204955984838453,-0.5677332381580973,1.0
6.823558664431382,-4.433419396801484,-0.5675910822270954,1.0
7.120856278039287,-4.62319846149569,-0.5674822448294334,1.0
7.536516895159617,-4.8884543796597,-0.5672989070236061,1.0
7.891653209515239,-5.115029305561479,-0.5671488902420804,1.0
8.246309200501553,-5.341179542096352,-0.5670068515641026,1.0
8.540971302408384,-5.529036129864931,-0.5668981227426093,1.0
8.89411653442976,-5.7541351061938055,-0.5667303360841334,1.0
9.24630593342108,-5.978511401059388,-0.566606235188123,1.0
9.65645999321614,-6.239752434652838,-0.566423103184525,1.0
10.006889259332167,-6.462896832166677,-0.5662732792171794,1.0
10.298534849868386,-6.648531695921544,-0.5661468241310617,1.0
10.64760862839767,-6.870639146144615,-0.5660228433223387,1.0
10.996079622216824,-7.091082969020668,-0.5421296572152308,1.0
11.3470361619499,-7.304594632547381,-0.5379410986241797,1.0
11.698857646287031,-7.5152731188185715,-0.5373491491751332,1.0
12.049988334258678,-7.72482542856138,-0.5371607055741332,1.0
12.400561212278886,-7.933914428987083,-0.53698177565404,1.0
12.750188107667578,-8.142312365066683,-0.5368561620092956,1.0
13.09921694794328,-8.350323702433728,-0.5366884561858327,1.0
13.447296182173025,-8.557659549910836,-0.5365646791207291,1.0
13.794780005796426,-8.764613820389,-0.5363973416851141,1.0
14.083757266309687,-8.936635381352971,-0.5362849718243204,1.0
14.48726422754638,-9.176799523772866,-0.5361064095946371,1.0
14.832268467189744,-9.382033987543076,-0.5359828013646303,1.0
15.119262024232462,-9.552749711245385,-0.53584473564695,1.0
15.520163218060183,-9.791085318744775,-0.5356920389981104,1.0
15.863057574538123,-9.994905041146696,-0.5355248904642029,1.0
16.148219058770252,-10.16432122839054,-0.5354126481503066,1.0
16.54639725672241,-10.400848207048416,-0.5352342960993929,1.0
16.886846382005334,-10.60297460857801,-0.5351108500502592,1.0
17.226719175522998,-10.804733733845426,-0.5349438167450801,1.0
17.50962616987374,-10.972592578497183,-0.5348256499822307,1.0
17.92874737901944,-11.22136551414684,-0.5343998633903443,1.0
18.30482512522923,-11.444321539900043,-0.5341542091369912,1.0
18.68005576100717,-11.66654083121294,-0.5340175126293126,1.0
18.992188016590795,-11.85136165219748,-0.5338765232272448,1.0
19.428195865174857,-12.10938349047666,-0.5337220346159516,1.0
19.801100084266466,-12.33002322862064,-0.5335537221642244,1.0
20.17299304207797,-12.54995074954982,-0.5334291752670387,1.0
20.482342461706867,-12.73287772221325,-0.5332903245833892,1.0
20.85295749515787,-12.951914290966656,-0.5331479879793951,1.0
21.284043016866736,-13.206642729317146,-0.5329683923190573,1.0
21.59139115687323,-13.38816293784071,-0.5328554437335716,1.0
21.959213993598315,-13.605378336071244,-0.5327052322724427,1.0
22.40707658688281,-13.869856458537363,-0.5323147060014358,1.0
22.809387714109985,-14.107155041647882,-0.5320779811660784,1.0
23.143992887921936,-14.304382828456964,-0.5319549452111805,1.0
23.544972661324557,-14.540660992829942,-0.5317823676740406,1.0
24.01144717017993,-14.815406769066094,-0.5316148178214417,1.0
24.410537004951244,-15.050352114339494,-0.5314714187022485,1.0
24.742134185331988,-15.2455211489454,-0.5313614889313694,1.0
25.139505053081827,-15.479353873038011,-0.5311923351392106,1.0
25.601972638151462,-15.747490879752716,-0.4773561894360154,1.0
25.93867399605212,-15.920592236634878,-0.4123953391301586,1.0
26.35300772523935,-16.106371120692987,-0.4007669944106511,1.0
26.769635720781825,-16.28418826052098,-0.3995728812474616,1.0
27.185881487353623,-16.460198406663803,-0.3994071329345727,1.0
27.601238633910835,-16.63559984850165,-0.3993695092102696,1.0
28.015628664809565,-16.810584904861226,-0.3993428149054988,1.0
28.42906112543873,-16.98513821383734,-0.399345875224189,1.0
28.84152947526283,-17.159282473577708,-0.399354350011576,1.0
29.2527951506769,-17.329991163138452,-0.3571543429061281,1.0
29.66790282915659,-17.48731351119501,-0.3478238360047328,1.0
30.083979530417963,-17.639046082253245,-0.3469994473440882,1.0
30.499439649393388,-17.789454749059516,-0.3469061013475401,1.0
30.91280665834112,-17.934551236521312,-0.2837765049984336,1.0
31.39475649525038,-18.05799701576173,-0.1162412780535817,1.0
31.74658890303544,-18.1028167968478,-0.0570952880638705,1.0
32.17061435753479,-18.1319764531796,-0.0517326841531832,1.0
32.59400879464728,-18.154800978468277,-0.0508422761689526,1.0
33.0158327630934,-18.17582504924919,-0.027381146449439,1.0
33.430361578618744,-18.180801051065973,0.0849970282874763,1.0
33.83646906975551,-18.1403392320496,0.2060004049964536,1.0
34.23753697538521,-18.061065867838156,0.2297559502971076,1.0
34.63508780586527,-17.969956116596283,0.2315514125818685,1.0
35.09337694261892,-17.857574236301378,0.2972806577620464,1.0
35.40624117051077,-17.757795796103483,0.4112443610732349,1.0
35.76776696778109,-17.60021754286238,0.4862707812555245,1.0
36.11816467436444,-17.419499515572447,0.4959642684976309,1.0
36.46456561182995,-17.233197370421852,0.4969320317779176,1.0
36.80818522463922,-17.04620936818857,0.5269888834671944,1.0
37.14452524825969,-16.850021323239336,0.5536798052674807,1.0
37.47583785406579,-16.64688359969941,0.5551398817107976,1.0
37.80483847997697,-16.442779809344753,0.5728844227885287,1.0
38.12131119590893,-16.231292496154307,0.6678440715173245,1.0
38.42052807265211,-15.996284243506366,0.714655596872316,1.0
38.70929670613416,-15.749338849334723,0.7176394243232064,1.0
38.94764197233515,-15.54191366490443,0.7180624396574817,1.0
39.28009325948205,-15.251639317113844,0.7181289113642133,1.0
39.564304046689614,-15.00339771817346,0.7181345947596492,1.0
39.84786557483949,-14.755720887122248,0.7181345118726618,1.0
40.08432122779182,-14.549194850400536,0.7181473421192892,1.0
40.42798964177782,-14.24930042923056,0.7184012807732737,1.0
40.72456776848576,-13.99032636052434,0.7185393486192445,1.0
41.02061182110057,-13.731764997104246,0.7187087705453321,1.0
41.26672893709208,-13.516707917452564,0.7188212422975947,1.0
41.56114136310333,-13.259387212734104,0.7226770735426268,1.0
41.89797113493055,-12.95594217392792,0.762883566956535,1.0
42.179232702309385,-12.689301458850546,0.7645820005132327,1.0
42.412011379492384,-12.466402324878256,0.7648205270000072,1.0
42.736880479155445,-12.154768608973662,0.7648091564013872,1.0
43.01649189094999,-11.886572103115814,0.7648269889256454,1.0
43.26820978550673,-11.645454122495794,0.7651936851079423,1.0
43.58742911316573,-11.339387133145443,0.7655064507354803,1.0
43.90695478424871,-11.03265573907764,0.76567263054846,1.0
44.27854143779123,-10.67583688519822,0.7658570399420846,1.0
44.543370674619126,-10.42141501465732,0.7659707522544783,1.0
44.86028859465256,-10.116922518134652,0.7661214859882067,1.0
45.17664402500064,-9.812827962511186,0.7662640832113273,1.0
45.54457157596624,-9.45910193300764,0.7664440022562995,1.0
45.806797210867714,-9.20688670579749,0.7665571415184759,1.0
46.12059939432038,-8.905036781663917,0.7667076152713245,1.0
46.433847682068354,-8.603578216966131,0.7668500675292338,1.0
46.74610503525732,-8.303039777990305,0.7670004799279111,1.0
47.05781266997312,-8.002889397486223,0.7671428845821643,1.0
47.36853370807173,-7.703655914961373,0.7672932274443723,1.0
47.678709165450826,-7.404807237612698,0.7674355704687791,1.0
47.98790236745364,-7.106872279290984,0.7675858549835416,1.0
48.2965541112537,-6.809318835997377,0.7677281372688795,1.0
48.604227911768994,-6.512675946554278,0.7678783590057072,1.0
48.91136434220292,-6.216411330447044,0.7680205840942113,1.0
49.21752707297932,-5.921054129966666,0.7681707348162271,1.0
49.52529716166643,-5.624027632091518,0.7683412658372809,1.0
49.83946953231323,-5.320709301013768,0.7684955377095156,1.0
50.153160772608295,-5.017769614249366,0.7686548042808017,1.0
50.46589697311857,-4.715631854188668,0.7687781241061534,1.0
50.77805111753406,-4.41402026102366,0.7689461537906607,1.0
51.08924916956247,-4.113196588805826,0.7690706749056033,1.0
51.39986813073055,-3.812894544585076,0.7692388740999908,1.0
51.658094753264415,-3.5631356811062203,0.7693518877781897,1.0
52.01579715517613,-3.213819671226064,0.8142707093065621,1.0
52.30819822693992,-2.90325474068034,0.8461446157502182,1.0
52.54472258863415,-2.638766878671845,0.8478539568119994,1.0
52.87292518612812,-2.2674239085035537,0.8482654971414268,1.0
53.1489590231996,-1.9497350705198595,0.9088196018010692,1.0
53.362510932206014,-1.6750620519031536,0.976302934726364,1.0
53.63822619258497,-1.2736376489593866,0.9893583411121296,1.0
53.867651272052406,-0.9261904487564953,0.9902434855462974,1.0
54.09383038177544,-0.5791363314184536,1.0256793971221447,1.0
54.26791617726812,-0.2866804699538161,1.1100993660221206,1.0
54.4521154405385,0.0781683657425679,1.1374176691082176,1.0
54.65348471541743,0.509060824860001,1.1436071749813752,1.0
54.81696252678,0.8776265096068405,1.215648672592835,1.0
54.92960810197717,1.1882557375436764,1.3142053325130625,1.0
55.03433720196754,1.57191198607058,1.341068098583645,1.0
55.14159252094627,2.022146423187183,1.344954472738461,1.0
55.22524178674016,2.405043733541753,1.4185075557713889,1.0
55.27596693672006,2.7264585810138,1.4606874083218353,1.0
55.32185642102458,3.113814741631296,1.464660919765009,1.0
55.37051815237912,3.5651325324798155,1.4652305024020316,1.0
55.41148638351824,3.951052560287773,1.4672077920202071,1.0
55.44314942795083,4.270286773066064,1.5114877130933175,1.0
55.46691488294125,4.653544258061435,1.5303397893331463,1.0
55.48608515305306,5.100088428647582,1.5314541043105825,1.0
55.49874779527539,5.418360304442737,1.5315443947541536,1.0
55.5135817489356,5.799039842962705,1.5461720394620777,1.0
55.51846957776674,6.175953614165459,1.612620479085933,1.0
55.50579517286039,6.552424936091779,1.620205404438674,1.0
55.48799485083557,6.927827297534208,1.6209347081230412,1.0
55.46924990005442,7.304324294772356,1.6210337616423178,1.0
55.450143453141735,7.68921135713638,1.6211895013840514,1.0
55.43095448429083,8.073868049600295,1.621330042607929,1.0
55.41181076950533,8.45730339589256,1.621478788996526,1.0
55.39260018704701,8.840197993879633,1.6216197138349524,1.0
55.37343459668311,9.221876084923958,1.6217684705766109,1.0
55.35562038616538,9.602095670374627,1.5887017686138662,1.0
55.34791409165314,9.980970110212278,1.5780146765841858,1.0
55.34470740879237,10.359339034543185,1.577494588143386,1.0
55.34232075493186,10.736506944616393,1.5775181938072207,1.0
55.33998466233376,11.113450764332542,1.5776498240249328,1.0
55.33760913545075,11.515954122174128,1.578055534773794,1.0
55.33483688409478,11.949662016546757,1.5783870059078229,1.0
55.331775002458606,12.384678628091576,1.5785555269891187,1.0
55.32866345317318,12.818336335234742,1.5787104768123623,1.0
55.32544901726494,13.251327467175836,1.5788536505977155,1.0
55.32221966442753,13.682971048787788,1.5790041406723692,1.0
55.31889374318749,14.113953257727369,1.5791465096140465,1.0
55.31555457992736,14.543593269160334,1.5792968027747962,1.0
55.31211949290898,14.972577126252125,1.5794390900337878,1.0
55.30923265898157,15.328976991610077,1.5795480524417005,1.0
55.30512877166552,15.827220093555772,1.579731539475798,1.0
55.30157379902917,16.252884477484937,1.579881696119008,1.0
55.297923835981344,16.677903112997477,1.5800238661833863,1.0
55.29485897951288,17.031006652698093,1.58013271957923,1.0
55.29114957568553,17.45416438984117,1.5803006394222978,1.0
55.28674059487112,17.94637730060747,1.5804661010521717,1.0
55.28287912624631,18.36806868816478,1.580620075671821,1.0
55.27958612582708,18.736535663143087,1.5809405789682558,1.0
55.27444365248172,19.282114329692025,1.5813130439811636,1.0
55.26974803197969,19.750861671553352,1.581477607794802,1.0
55.26578561376325,20.14031350213989,1.5815911569883476,1.0
55.26098918885464,20.60698339609855,1.5817613793973866,1.0
55.255305592213446,21.149812824789915,1.581928547558743,1.0
55.25034745398745,21.61416853168333,1.582071926377821,1.0
55.24619073840444,21.99997219870935,1.582181878948863,1.0
55.241167491812575,22.46227499824065,1.5823510708660926,1.0
55.23522235580449,23.000024426530903,1.582517926935413,1.0
55.230041402012986,23.46003845722724,1.582661156651169,1.0
55.22570013223789,23.84223303439428,1.5827709816212634,1.0
55.22045634761526,24.300215521354872,1.582940034858799,1.0
55.21512561049443,24.75689750142249,1.5830653298867252,1.0
55.2088566008656,25.28865802191106,1.5832498278154787,1.0
55.20433477882235,25.667282056512505,1.5833595408645744,1.0
55.19874314505361,26.141484687466747,1.5837586457969717,1.0
55.19253124418999,26.6512684823933,1.584175363161852,1.0
55.18465429813562,27.248747182437118,1.5842269019364772,1.0
55.17900773208478,27.67451447806676,1.584226680551186,1.0
55.1722454289,28.184321431129145,1.584222146064907,1.0
55.16549783978988,28.692915235763508,1.5842129101912348,1.0
55.157644192386726,29.28474592997826,1.5841961944238212,1.0
55.15204662251503,29.706477030886745,1.5841803323818933,1.0
55.14534290018975,30.211451769431235,1.5841569878197406,1.0
55.13865370250272,30.715226794261344,1.5841289381428831,1.0
55.13197897586224,31.217805405526686,1.5840961750055067,1.0
55.12531867410964,31.71919089092715,1.584058698535142,1.0
55.11867274388096,32.21938654994374,1.5840165087841718,1.0
55.11204113384464,32.718395673109285,1.5839696017702274,1.0
55.10542379141783,33.21622145007421,1.5839179764321272,1.0
55.09883081993292,33.712867201885004,1.5838720381551117,1.0
55.0922719680422,34.20833632839235,1.5838419204479963,1.0
55.08574675440693,34.70263204184579,1.5838271167507525,1.0
55.07924526696108,35.195757430817366,1.583817517799543,1.0
55.07275767950244,35.68771560482809,1.5838030824657725,1.0
55.06736195524871,36.09679142385807,1.5837873666967792,1.0
55.05984859702933,36.66814332546716,1.583784918868406,1.0
55.05343185553932,37.15661927417554,1.5837861743523,1.0
55.04702879864416,37.64394070587559,1.5837825509042451,1.0
55.04170334281471,38.04916224646381,1.5837758060488192,1.0
55.0342635655189,38.61513259002834,1.5837606644948985,1.0
55.02790130028093,39.09900931141056,1.583742393794949,1.0
55.02157667478686,39.58174430186174,1.5837440162844425,1.0
55.01632041610634,39.98315339385248,1.583745723480651,1.0
55.00897725530277,40.543800861082666,1.58374235082062,1.0
55.00269756926701,41.023128559674106,1.5837341191236118,1.0
54.99643117126295,41.501326636517526,1.5837209468466342,1.0
54.99121929451326,41.8989643463062,1.5837061992591055,1.0
54.98498705671789,42.3750995108656,1.583694126386314,1.0
54.9777554699196,42.92917419285654,1.5836971785372649,1.0
54.97157118574145,43.40288462813872,1.5836944360066674,1.0
54.966427571074775,43.79679192987582,1.5836883419885373,1.0
54.960267145677534,44.26846161416523,1.583676459462785,1.0
54.95309635286081,44.81734163083122,1.5836562935375251,1.0
54.94799961826769,45.20847752028043,1.583652624623114,1.0
54.941906913504745,45.67682987377036,1.5836555430804256,1.0
54.93481489491682,46.2218509960712,1.5836525734156224,1.0
54.92975977948687,46.610237819040485,1.5836462526866844,1.0
54.92370528617007,47.07529932583878,1.5836340543200729,1.0
54.91766212418484,47.53957385105257,1.583623013940812,1.0
54.91065099343837,48.10838764684962,1.5839921615594708,1.0
54.90513242139738,48.55815324163258,1.5844705007263844,1.0
54.897878623900624,49.11117265411233,1.5847407449695112,1.0
54.89027743862842,49.66283333196791,1.5847881811830111,1.0
54.882653038754114,50.21318759381686,1.584790064317837,1.0
54.87376817004081,50.85359032867238,1.5847750569806611,1.0
54.86743604870792,51.3099188996944,1.5847606786580282,1.0
54.85985308482427,51.8563045365071,1.584739396846185,1.0
54.851027703695735,52.49209262037268,1.5847090099944403,1.0
54.844737921362906,52.9451343775022,1.584683632758938,1.0
54.8372056095789,53.48758602436017,1.5846491478296945,1.0
54.82969005475957,54.02873370844952,1.5846102488782483,1.0
54.82094302469444,54.65842949836432,1.5845592973078504,1.0
54.81470900745171,55.107131840135,1.5845192193887914,1.0
54.80726291127632,55.644389802773055,1.584487127119387,1.0
54.79984305713164,56.18035844366842,1.5844605995676757,1.0
54.792459266827535,56.71504152965806,1.5844497800036086,1.0
54.78510162601585,57.24844256129553,1.5844445428286575,1.0
54.7777602262655,57.78056498903221,1.584434765144194,1.0
54.770435027900845,58.31141237924744,1.5844204543036071,1.0
54.76313571232335,58.84098839313624,1.5844115827022442,1.0
54.755871615327095,59.36929669229897,1.5844178590021674,1.0
54.745642846422925,59.89412841619046,1.6386255672252406,1.0
54.70942329138871,60.415252239235535,1.679081840266327,1.0
54.65584539039641,60.933683411805625,1.6819835564620187,1.0
54.59867501323534,61.45047084309648,1.682515960301708,1.0
54.54095895112902,61.96594965973602,1.682566324339032,1.0
54.48333064689219,62.48019308545844,1.6825621481375728,1.0
54.43541107295392,62.90779209513449,1.6825551433993284,1.0
54.368482034972686,63.5050033565811,1.6825399189119326,1.0
54.31126092372052,64.0155770054335,1.6825218346699895,1.0
54.263679771883545,64.4401256354698,1.6825032144893977,1.0
54.20670578426656,64.94847156506182,1.6824766053971312,1.0
54.14959981852102,65.455266626443,1.6969697712895673,1.0
54.06433894076712,66.03895462476744,1.774650715328859,1.0
53.96625914885526,66.5340211198582,1.780563178455365,1.0
53.87973358777061,66.944646942491,1.7814078987290334,1.0
53.774903775869,67.43606644290699,1.7815913236980103,1.0
53.66869029851643,67.92441661097662,1.82323985955916,1.0
53.53595667073558,68.39443442976635,1.9764084917615412,1.0
53.34411035813436,68.84069670587355,2.073637863852544,1.0
53.07748258959908,69.33953195771694,2.0833234299236154,1.0
52.880777816135904,69.6912797218756,2.0843392254490807,1.0
52.6439373991676,70.11173140789715,2.0845732922507527,1.0
52.40739469688405,70.53104467450288,2.084593567121411,1.0
52.13212582716892,71.0189897516487,2.08463052905716,1.0
51.93601252563892,71.36518093202086,2.1148476089909853,1.0
51.68560490928533,71.76603513682345,2.1969407886229075,1.0
51.41270780331483,72.15162589906437,2.204816365347928,1.0
51.18087577201281,72.46870009236926,2.205823324046974,1.0
50.85308697069548,72.90265206724652,2.2959804531876635,1.0
50.54560794071735,73.23085692726112,2.4723607406933783,1.0
50.19368581241815,73.50698031048447,2.58098002312165,1.0
49.817951876205214,73.74964300343741,2.597196647087548,1.0
49.50067426059951,73.94360822079786,2.598720470755592,1.0
49.05666453531888,74.21057772804119,2.63403605564067,1.0
48.6737377212931,74.4137886192167,2.769450949229003,1.0
48.27292770983663,74.5659735010492,2.8826110057882395,1.0
47.85930345917469,74.68036989117458,2.9051384704448764,1.0
47.51282596141572,74.76570687442795,2.9068362267864605,1.0
47.09736209474932,74.86551659754106,2.9072411407236696,1.0
46.68274276666688,74.96460406846057,2.9072889073583985,1.0
46.20025057532209,75.07983765156558,2.909346581536675,1.0
45.85768693543946,75.15911099204058,2.956509332611954,1.0
45.44964295570837,75.22742152282312,3.079887888674917,1.0
45.03682698344873,75.25479331294692,3.128447655848773,1.0
44.623872481480014,75.26330576668605,3.131760354670979,1.0
44.21197439690419,75.26784725169608,3.139184116785305,1.0
43.740253542184185,75.25931671150512,-3.026685946842877,1.0
43.40919808839149,75.22113141207423,-2.946908181491072,1.0
43.0154732886018,75.14786226829527,-2.931715726925657,1.0
42.62442961094908,75.06592684316176,-2.930406256000722,1.0
42.23673405884581,74.98088195213563,-2.886490200844768,1.0
41.86918136773073,74.87444557962927,-2.737727102609197,1.0
41.52448324272152,74.72095290157246,-2.6123077806280164,1.0
41.19586128434175,74.53245013024949,-2.5783042469118738,1.0
40.875070731603095,74.33240835195987,-2.571678639788165,1.0
40.56255823598909,74.12793422289963,-2.499125577479524,1.0
40.280068164867096,73.90490074129427,-2.350787734975562,1.0
40.07078672214425,73.69301631026866,-2.2587172975124603,1.0
39.80299777539912,73.37123176178795,-2.233251761429115,1.0
39.581848508257806,73.08971848188949,-2.23206768305043,1.0
39.36233406910984,72.80795681596676,-2.2319185719222414,1.0
39.17990851157506,72.5735467923786,-2.2319050939196203,1.0
38.96175886197827,72.29294675768904,-2.221637895971374,1.0
38.71800629882889,71.96285877222566,-2.148627692497738,1.0
38.524421901083926,71.66957250213107,-2.1338846354222887,1.0
38.36764163352769,71.42291701509401,-2.133042852574923,1.0
38.15126669266164,71.07802020027162,-2.101754917024215,1.0
37.98386844152201,70.78153358699447,-1.992015134822815,1.0
37.857419992853366,70.47746660798087,-1.8548834406209884,1.0
37.77816771544029,70.21280400468726,-1.7976290298264528,1.0
37.70040004370334,69.89031666591926,-1.7898992465515733,1.0
37.61575273377265,69.51364666054245,-1.7891637796027535,1.0
37.54413976936721,69.19140020752107,-1.7891437445367302,1.0
37.48461911437308,68.92340657033678,-1.789165723200544,1.0
37.41586907334958,68.60390799289853,-1.7440405376867545,1.0
37.35818575241345,68.23232690286287,-1.6582354214523047,1.0
37.3319583643456,67.96434269318831,-1.650556713045307,1.0
37.30535899461063,67.64299123864194,-1.6496955121896126,1.0
37.2756170020525,67.26889171628828,-1.6495850201830953,1.0
37.25449704945468,67.00226980381647,-1.6495645729243351,1.0
37.2292240180115,66.68297848059329,-1.6495635183274109,1.0
37.2040094154401,66.36440149499713,-1.6495686391128346,1.0
37.17482052719619,65.99386164521721,-1.6404686765193726,1.0
37.158001426277146,65.73129601279058,-1.5962922057480964,1.0
37.14780408432212,65.41606977031971,-1.5909800933208804,1.0
37.14095496927693,65.1014546045381,-1.5905314728308018,1.0
37.13421283848227,64.77377061469079,-1.590297807232291,1.0
37.12703912791509,64.4236436763242,-1.5900062888900997,1.0
37.11889288061532,64.01528777523501,-1.5898091751821273,1.0
37.11317233943704,63.7241407149528,-1.5896959930655552,1.0
37.10633700751,63.37574307279546,-1.589547790128934,1.0
37.09959944292474,63.02779047635601,-1.5894077975194565,1.0
37.09267217641992,62.6715234303047,-1.589171331461766,1.0
37.08518643216664,62.28542358479294,-1.5888115317246616,1.0
37.077885858547766,61.89454009269996,-1.5886268011824385,1.0
37.07066501957704,61.50489531120441,-1.5902462853880912,1.0
37.05923043672167,61.117707145049984,-1.637970188831506,1.0
37.035609375566175,60.732421409781885,-1.6418548628145784,1.0
37.00855690447405,60.3479223296749,-1.642235677687882,1.0
36.98079806642591,59.96496980877214,-1.6552440105337096,1.0
36.94375177874948,59.58731774128974,-1.7414176071279188,1.0
36.87500614351542,59.21963386143824,-1.839193596568114,1.0
36.77919681174284,58.85704520096001,-1.852508902437888,1.0
36.67463664000648,58.49963670909003,-1.8950195118193984,1.0
36.55179994152767,58.159587631383694,-2.027168413094919,1.0
36.38893263803295,57.84698334715822,-2.160997164424919,1.0
36.19302251204107,57.550860682829786,-2.205084380225622,1.0
36.020101406603935,57.31190745483522,-2.207615350519046,1.0
35.77515017323175,56.980115095142665,-2.20805712115148,1.0
35.56539559026473,56.69705813231953,-2.207987688815323,1.0
35.35590465205157,56.41462784907607,-2.217788998965865,1.0
35.179417679748575,56.18371203762093,-2.2633782517284526,1.0
34.92006833515632,55.87063256147098,-2.279019253792562,1.0
34.69447816348742,55.60661528228383,-2.279463960058654,1.0
34.50629312957907,55.3872624409102,-2.281075728993029,1.0
34.24139124036336,55.08819921991185,-2.3608266503561595,1.0
33.99811865024694,54.852878365497055,-2.449940467547526,1.0
33.78283281975942,54.67033518384979,-2.463914485336167,1.0
33.476145229188646,54.421997757159424,-2.4651508800624304,1.0
33.21322119887357,54.2110451928595,-2.465160813819899,1.0
32.994322054137584,54.03553813519119,-2.465054530854604,1.0
32.67292830286417,53.77797045510736,-2.4646646269493755,1.0
32.36665698145657,53.53240112256559,-2.464262056558598,1.0
32.10878517227544,53.32529607934018,-2.4641105899487346,1.0
31.748767821014017,53.03603022842327,-2.46392248690436,1.0
31.492160792535884,52.82974455753499,-2.4638092890699275,1.0
31.133885898374864,52.541690057672106,-2.463630771420837,1.0
30.82765524317568,52.29536020826934,-2.4635073837543344,1.0
30.572920856782368,52.0904442557583,-2.4633695283143684,1.0
30.267821366591587,51.84488939674392,-2.463228354307806,1.0
29.912985784140943,51.559263574919214,-2.4630502619712367,1.0
29.66006456067993,51.35557902050794,-2.4629382161473603,1.0
29.29512026905258,51.06176030109349,-2.4626132005400674,1.0
29.02645703945594,50.84530381301306,-2.462408993977112,1.0
28.651323613422672,50.542783866644285,-2.4622424027730805,1.0
28.33051642227469,50.284017072241085,-2.4620731820471384,1.0
28.0638096287686,50.06878838929889,-2.461960390940373,1.0
27.744647187033024,49.81120792954526,-2.461810675733941,1.0
27.426016593528853,49.55393073784269,-2.4616689620021406,1.0
27.10855218552851,49.29749426809551,-2.454698895806155,1.0
26.7480207012532,48.99231136390458,-2.39623699147938,1.0
26.49883041438634,48.76560876259519,-2.393608036394445,1.0
26.15348131165413,48.446010834421074,-2.3930023327720806,1.0
25.90782904836185,48.21786904428118,-2.388299824219028,1.0
25.620393722678543,47.94264255456326,-2.3153165573055348,1.0
25.31484644268054,47.59911759647003,-2.217915394632473,1.0
25.113355920173834,47.33962946456981,-2.2115045099335413,1.0
24.87753916763186,47.02507859632961,-2.200406582831011,1.0
24.65431754563507,46.71034835942292,-2.104749283693239,1.0
24.46505881215582,46.38037022746012,-1.998899686333908,1.0
24.30343662780027,46.0346457402846,-1.9747210700717328,1.0
24.1521930597792,45.68516525975993,-1.9730089959737205,1.0
24.003484140563863,45.33589020727058,-1.9603013301048688,1.0
23.86818989796166,44.98993136767345,-1.8562462998535152,1.0
23.76906460181325,44.63645850533886,-1.7586036066009407,1.0
23.69746893179774,44.27527217802809,-1.7365160552154222,1.0
23.63540821003697,43.91312374659744,-1.7350805876206647,1.0
23.577571455030583,43.5532224698143,-1.6885708920521638,1.0
23.543588293292537,43.20030047468522,-1.5637628922102007,1.0
23.54703726189632,42.84581508176623,-1.4923976826166028,1.0
23.57118136943174,42.49189316781018,-1.487584377734783,1.0
23.59992213531664,42.13913709009774,-1.4869478476370797,1.0
23.624457341363385,41.845835234252775,-1.4868829620367117,1.0
23.66020287452818,41.4378005620351,-1.4496344294441872,1.0
23.70838934290012,41.100614149213385,-1.3279799327818764,1.0
23.777023781780468,40.82856467806061,-1.2386986391537158,1.0
23.90383526583105,40.4547349356508,-1.2122109108117691,1.0
24.02119383694804,40.13829012345827,-1.207759908135897,1.0
24.142218590562557,39.82752115317058,-1.1449112842783074,1.0
24.282477402663154,39.53773237033508,-1.0158919063225544,1.0
24.45383963398459,39.26586945490865,-0.93177653646751,1.0
24.6441546546899,39.005603418293965,-0.9140764199190496,1.0
24.839734298334385,38.750106724945134,-0.913035245245358,1.0
25.00318412334629,38.53824584088499,-0.9129231346763634,1.0
25.2421744112994,38.228515234360096,-0.9126757866005832,1.0
25.47551430689544,37.9259848579466,-0.912201656315334,1.0
25.674636250269437,37.6682083732688,-0.911994646589372,1.0
25.952955527130197,37.308284978128704,-0.9118265154865328,1.0
26.19103299354504,37.00047317770073,-0.9116577671451254,1.0
26.38905972049117,36.744566244675525,-0.9115454739852789,1.0
26.66558029469901,36.38726735883591,-0.9113674147887936,1.0
26.90543939448975,36.07745238029818,-0.91118976686773,1.0
27.124919021974296,35.793816487669254,-0.9107431686872832,1.0
27.450026760331856,35.3743082523189,-0.9103935692751312,1.0
27.68226761501198,35.07498880548262,-0.91026419217069,1.0
27.960241367485903,34.71680488936877,-0.9101089279052862,1.0
28.28394247120897,34.29991703642925,-0.9099535341104596,1.0
28.5146460547218,34.00283044915613,-0.909814077316549,1.0
28.787764717719373,33.64742493195915,-0.963637250516767,1.0
29.04124949333861,33.2808126718121,-1.0099599103142198,1.0
29.31951120984528,32.84281478047588,-1.01326486109803,1.0
29.51533228885348,32.52912623621792,-1.0134854970425713,1.0
29.7495048506976,32.15312869704565,-1.0134205140861356,1.0
30.021807066787904,31.715759644894444,-1.0132539666591405,1.0
30.2159768632382,31.4040140668239,-1.013142192782392,1.0
30.48709128413878,30.968754779771903,-1.015015929641059,1.0
30.677541449394067,30.658420528203862,-1.0599867971811106,1.0
30.881958776256106,30.27891319055971,-1.1587465272344202,1.0
31.08645838363284,29.819333128485024,-1.1763351118567704,1.0
31.224996767482,29.48880099532225,-1.1792829133250573,1.0
31.384335112546577,29.09322199483315,-1.2473601114912485,1.0
31.507249273975027,28.69615472795353,-1.3915985066320724,1.0
31.58139531255173,28.287544922065397,-1.4646400247410425,1.0
31.629491907332223,27.876171760249225,-1.4697264965300536,1.0
31.671835606849363,27.464836433893744,-1.4703781578685604,1.0
31.71299739943939,27.05477961912974,-1.4765888757648942,1.0
31.74713267556392,26.647117388867525,-1.54342748033524,1.0
31.76072550600683,26.239689143887404,-1.559668445263519,1.0
31.7662628138282,25.832737102577767,-1.5606978620522851,1.0
31.770315027904736,25.42705215774337,-1.5607544552662798,1.0
31.77059612836224,25.02465546880733,-1.6233493478738472,1.0
31.74269110846966,24.63040626411712,-1.7360144145794638,1.0
31.6684374605963,24.17458194555044,-1.7686486493666742,1.0
31.60500012518579,23.85219646006532,-1.787043558508914,1.0
31.51660432248142,23.47404600406653,-1.885882515657655,1.0
31.39037039090281,23.1236474674397,-2.0504631482729234,1.0
31.21659882841568,22.794804663344284,-2.147232595982827,1.0
31.01715651177229,22.48084195342085,-2.1629455736500844,1.0
30.776392655954314,22.12103823496345,-2.1658719329186904,1.0
30.60301384752561,21.86819372144776,-2.214806017951627,1.0
30.38168755077524,21.587972968781,-2.350621707559884,1.0
30.130174582225536,21.337672576506428,-2.4431488950599545,1.0
29.859711340329795,21.106647008352738,-2.461094163372504,1.0
29.584859617341976,20.882848955548788,-2.4621617412777983,1.0
29.355383926002023,20.69748047047206,-2.462235504714072,1.0
29.03485477622129,20.43892178802036,-2.4621191881229234,1.0
28.7590619940753,20.21642204972073,-2.4619451829093437,1.0
28.509970652743032,20.015591422350088,-2.461562532602592,1.0
28.142141281830902,19.718623474176432,-2.4612363955849523,1.0
27.827383206886555,19.46419997795724,-2.461079175401358,1.0
27.56592051526637,19.25279562636629,-2.4609683928877963,1.0
27.199816064772627,18.964248357287897,-2.54153538846394,1.0
26.87239815373505,18.74847990007101,-2.6541964631607686,1.0
26.58455476697988,18.59208386557817,-2.6887359028801185,1.0
26.174599199732537,18.38965230786613,-2.69170871173066,1.0
25.82243606232248,18.21940117014175,-2.691933238173048,1.0
25.529723790254465,18.078283487024716,-2.691870948602196,1.0
25.17898226793209,17.909789474829562,-2.7098793333774305,1.0
24.77047099680722,17.733910582958,-2.835488852166004,1.0
24.40821434862835,17.62018610796026,-2.907307474328116,1.0
24.10200756130949,17.543188072277065,-2.913698613577289,1.0
23.6722295999232,17.442620294737573,-2.9146440016141155,1.0
23.304809718688063,17.3578807367804,-2.914646064200724,1.0
22.999012644376062,17.287438718633613,-2.9145408041742744,1.0
22.57378727600716,17.193870092113308,-2.979821313503639,1.0
22.26995705503024,17.14582985901744,-3.054597563474807,1.0
21.90241676016991,17.110583014519293,-3.070454824998014,1.0
21.47364239721124,17.079075200891733,-3.0714751220278766,1.0
21.16831453388613,17.05768448549125,-3.0715044861374543,1.0
20.802342390901448,17.032207502948467,-3.071363841807474,1.0
20.379767426521717,17.00759415103357,3.139788619122985,1.0
20.085025394063308,17.01198412750533,3.0336455424439293,1.0
19.732125031830023,17.049213831152965,2.9837812320150507,1.0
19.32335949091412,17.111739550485673,2.980888691656616,1.0
19.03275624788332,17.15869583041921,2.980673458499743,1.0
18.68449611717437,17.215393771380324,2.9807407889697948,1.0
18.259301531167445,17.28475775893029,2.981103162957635,1.0
17.93405262150782,17.337710632639865,2.981329450696834,1.0
17.54339370072161,17.401132092384806,2.9815208786660703,1.0
17.15438949509951,17.464590203777608,2.9625175462973425,1.0
16.775008551650487,17.540147849515662,2.853069776890272,1.0
16.409097030183496,17.65266767675114,2.7551215460181013,1.0
16.052595101849846,17.79346664684881,2.739607382731402,1.0
15.700530102492444,17.941947046357726,2.738467140282973,1.0
15.349675024072951,18.09160768728113,2.738390885195292,1.0
14.99990024608644,18.24100423279721,2.73848300590384,1.0
14.65072672983806,18.39017092345507,2.738643902829196,1.0
14.302525227729417,18.538832867700943,2.738765938266992,1.0
13.954904256932709,18.687227783155905,2.738932270120243,1.0
13.608248595459196,18.8351137400992,2.739055119815415,1.0
13.26216914799696,18.982733730503657,2.739221556228866,1.0
12.917051127571671,19.12984682331165,2.7393443817224554,1.0
12.572505479616582,19.276696033526797,2.739510764441866,1.0
12.228917440543324,19.42304060723994,2.739633544633687,1.0
11.88589794162731,19.56912340807826,2.739799875308449,1.0
11.543832249862367,19.714703798313337,2.73992259326729,1.0
11.20233133397744,19.860024523727724,2.740088874178955,1.0
10.86101422867436,20.005176421794115,2.7402250019717247,1.0
10.495789134460017,20.160599211870643,2.7406442593411624,1.0
10.10315979586364,20.327462538498096,2.740987808473475,1.0
9.710859606305553,20.494437855559585,2.721713896777148,1.0
9.325529725943156,20.670975051799736,2.674094567420653,1.0
8.947104838344748,20.859486243088817,2.6714117372883384,1.0
8.570668722037883,21.050497376400838,2.671074823925366,1.0
8.195767635716601,21.24140571018026,2.667165497568115,1.0
7.8281446139560735,21.43587099329727,2.5860337763872687,1.0
7.47658769234727,21.65406965047615,2.536477632881917,1.0
7.135136705585397,21.886790897555635,2.533239936473324,1.0
6.796986760939693,22.121941002776172,2.5310533715771584,1.0
6.519647272465246,22.319102768678437,2.4732115669262216,1.0
6.159634398106203,22.619445848613086,2.347257206536409,1.0
5.874991166309578,22.903808224670016,2.3268728676547474,1.0
5.6447607585584425,23.145961499625297,2.3255279248924747,1.0
5.324644149766496,23.4861747270189,2.3253539556501903,1.0
5.051437943132824,23.777075440741907,2.325463744766493,1.0
4.778593046974851,24.06752565990075,2.3255986917074343,1.0
4.506601244237864,24.357053285698612,2.325746826189415,1.0
4.282043725617175,24.598102445767303,2.2894337109103757,1.0
3.980990154153564,24.944813747523348,2.2638090373585245,1.0
3.729416283002928,25.24653199229101,2.2630033208020106,1.0
3.5211611641528577,25.4977960490223,2.262963417832048,1.0
3.230134671562802,25.849216543407703,2.2631166750902807,1.0
3.0229183426945805,26.099399519063777,2.263221443173662,1.0
2.733156567243031,26.44915694537044,2.2634028243568087,1.0
2.4879084235230917,26.74794853042512,2.221255041217409,1.0
2.3001217093475,27.000770717051505,2.11631383660472,1.0
2.090247038500903,27.376076858588213,1.9613480533676184,1.0
1.9460950786278488,27.7177239296176,1.928933382117945,1.0
1.836370909893414,28.00548917125936,1.9270273646865763,1.0
1.6859772561539814,28.40897360957904,1.9267389484076345,1.0
1.5792780605368175,28.69636358097028,1.926796883027305,1.0
1.429826534366864,29.099005201073915,1.9269820389659469,1.0
1.2939554492682328,29.46523958404806,1.927324764622552,1.0
1.1763816782230592,29.781702017189733,1.927514260903108,1.0
1.0353244233312646,30.160964196477945,1.9276995172704856,1.0
0.8711385324285682,30.60207384599593,1.927867343547417,1.0
0.7540191967988593,30.91656786435251,1.9279938182859595,1.0
0.6137907991460771,31.29292319597178,1.9281175184402064,1.0
0.4549404202666481,31.73027499607677,1.866590152309336,1.0
0.3580392364320011,32.04582723219226,1.8248243508477588,1.0
0.2559260446970129,32.428130049307484,1.8214857606791912,1.0
0.1414708808474623,32.8739157769123,1.8210956992673244,1.0
0.0603135079485377,33.19188411210993,1.821143362016236,1.0
-0.0529381181157763,33.63579876832269,1.8212936916513456,1.0
-0.1337269662086773,33.95230996114624,1.821417945480659,1.0
-0.2304729877626338,34.33108432972586,1.8215408700527635,1.0
-0.3431876642219827,34.77218430879352,1.8217230201554733,1.0
-0.423461906532275,35.0862045026051,1.820099799052226,1.0
-0.5298724712113645,35.524307639222386,1.7553084870368985,1.0
-0.5901124632535307,35.83898878670148,1.7277434487034384,1.0
-0.6519662637034113,36.21794163412949,1.725744603679711,1.0
-0.7111872730752359,36.59616191980648,1.7235509353439586,1.0
-0.76509633625341,36.97176294914468,1.6583483444401868,1.0
-0.7902287100191491,37.34232600579709,1.5369407445845302,1.0
-0.7785139194738256,37.71410845381158,1.4867291381154584,1.0
-0.7447291040713175,38.14567213659428,1.4837086669244428,1.0
-0.7180487385537054,38.45316976852934,1.4835206256295916,1.0
-0.685718511682646,38.82112940559472,1.4835715262144955,1.0
-0.6533655488818517,39.18846920219381,1.4837256109410846,1.0
-0.6211780210614258,39.55475551734007,1.4838463192181564,1.0
-0.5890585000526799,39.92043439233996,1.484012143299887,1.0
-0.5571185757974688,40.28506535195616,1.4841346453018958,1.0
-0.5252483368207232,40.64909325891201,1.4843007373348125,1.0
-0.4882605891549476,41.072524440936434,1.4844641991235583,1.0
-0.4619349627230862,41.374462826580746,1.4845892931357916,1.0
-0.4288666487140194,41.73472008713027,1.4520541134039906,1.0
-0.3872539985567197,42.09326324024103,1.4453037174256094,1.0
-0.3425015567954648,42.45034984153102,1.4449425469879216,1.0
-0.2972360703471791,42.80677436891535,1.4450146899980945,1.0
-0.2520918866071944,43.16216613787261,1.4451268272953015,1.0
-0.2068041611319916,43.516375003818496,1.4269769569318154,1.0
-0.153265095916977,43.86703226196408,1.3830282928858972,1.0
-0.0889421364457738,44.2153972481758,1.380658962354183,1.0
-0.0223602287256739,44.56227615578265,1.3803893243928602,1.0
0.0471197614219927,44.9214854573861,1.3806162710082692,1.0
0.1240669172038694,45.31903989366456,1.381043737029942,1.0
0.2018479551279196,45.722631225491135,1.3812204877578234,1.0
0.2794144278395166,46.12554843192083,1.381395717630433,1.0
0.3566568760468873,46.52733463587339,1.3815208014664342,1.0
0.433738998786505,46.92842141304856,1.3816884738416713,1.0
0.5105082442846359,47.32837985787237,1.3818122947898408,1.0
0.5743587981461163,47.661081363040886,1.3819505139867978,1.0
0.6634211024988279,48.12578288588325,1.382103422456148,1.0
0.7395661730720947,48.52323212034391,1.3822707545125152,1.0
0.802808347402555,48.853732111235374,1.382383128091844,1.0
0.8785104077876257,49.24914609600543,1.3764052628144536,1.0
0.9721411735699712,49.70752627766667,1.3545125861424174,1.0
1.043179489494751,50.03324141165461,1.3539822771285763,1.0
1.1291314828512478,50.42323753942053,1.3539403230390172,1.0
1.2293129025594882,50.87679024199334,1.354090975470296,1.0
1.3006855714902503,51.20014093388515,1.3542002385282594,1.0
1.3860885380665386,51.5870975618378,1.3543486904231157,1.0
1.4854058671061208,52.03763064981497,1.354501104216709,1.0
1.5561780332396449,52.35872537554484,1.3546389929633609,1.0
1.6418627532321286,52.74771763567459,1.3548393887495955,1.0
1.7535607598096532,53.25445171482527,1.3554713785052308,1.0
1.8374020053686555,53.63644474509206,1.3556992694269252,1.0
1.937593142759682,54.09390706654937,1.3558470234081432,1.0
2.0375338438112136,54.550526797675474,1.3560204668511586,1.0
2.1536778017595117,55.08169042934546,1.3561882262717586,1.0
2.236417853242318,55.46038429832296,1.356316144906553,1.0
2.335368328121689,55.91362654291437,1.3564416876305176,1.0
2.4341032812569905,56.36603431611634,1.35661090448799,1.0
2.5324579763147086,56.81718110042056,1.3567363572475688,1.0
2.6305990154407355,57.267498964842304,1.3569055030108708,1.0
2.728361763177436,57.71656140826138,1.3570308869401035,1.0
2.8259126703779747,58.16480043546756,1.3571999602169056,1.0
2.9069457120560145,58.53752489063645,1.3573136057446051,1.0
3.0200517243301324,59.05796060977112,1.3574942787115982,1.0
3.1136739874470707,59.50176038783486,1.4067066946852946,1.0
3.184319302562605,59.94684751537723,1.466212871566306,1.0
3.2269486516032835,60.319531320878106,1.4699367522490707,1.0
3.280580638615341,60.84069126181967,1.4708666354103432,1.0
3.325392682362668,61.28637745096674,1.4709415864783677,1.0
3.3625905914194107,61.65699484517304,1.47097126563492,1.0
3.410982410799176,62.17152453875899,1.5344882066626329,1.0
3.4229748929930044,62.609829175668985,1.613728257242528,1.0
3.4082924118764417,63.047917272939706,1.623688163312471,1.0
3.3862443846153742,63.4846455814186,1.6247552357834123,1.0
3.366818919377801,63.84775368540795,1.6249012120258697,1.0
3.3394609198113945,64.35491184020056,1.6249031632687736,1.0
3.316067983358721,64.78852448648053,1.6248986858944046,1.0
3.296125521121309,65.14853080628026,1.6439556754860458,1.0
3.245154703041113,65.63927859884191,1.79014598208087,1.0
3.1537974712482413,66.05100550764926,1.8611826112362304,1.0
3.0374681105401877,66.45596152516138,1.867025771945341,1.0
2.9360123763227586,66.79129348834397,1.867825925155452,1.0
2.8134228123355376,67.1925046409387,1.8679834315364263,1.0
2.6705350367871548,67.65934394912472,1.8679508529834896,1.0
2.5687066017595583,67.99202938482883,1.8679228434332404,1.0
2.446769875891276,68.39040592750798,1.8678843275194263,1.0
2.325113243399075,68.78786187390816,1.86784046166298,1.0
2.1783919459540035,69.24406056840365,1.9536827636530216,1.0
2.051329402146268,69.55810370115616,2.0324199586500287,1.0
1.8735351078964444,69.92430938794479,2.050695847944111,1.0
1.656119237150549,70.34520568498674,2.0522202253411868,1.0
1.4999612958948247,70.64452099063439,2.052352175246262,1.0
1.3127957291058725,71.00277432699086,2.056806709796078,1.0
1.1227446940760195,71.35465349269661,2.1273951272814178,1.0
0.8746578348329581,71.74673270488512,2.184561447821346,1.0
0.6860131355194514,72.01869712663184,2.187000768438374,1.0
0.4574357085175127,72.34247837484173,2.187563399876608,1.0
0.1907554919797287,72.71881209961836,2.187633041237441,1.0
0.0008017807261517,72.9861910855643,2.2076587576571423,1.0
-0.2336941754910365,73.29293145871826,2.3152506548524974,1.0
-0.4951611823831304,73.56770432962595,2.431872160012321,1.0
-0.8307727545639005,73.85848345170251,2.463311520158384,1.0
-1.076321989526572,74.05824653063706,2.4646966213675894,1.0
-1.371473860952369,74.29563634773126,2.4757133166717784,1.0
-1.6678142983217652,74.5219555559322,2.5649103772589243,1.0
-1.9760775302216,74.71254004053529,2.7027257219696663,1.0
-2.3048580951184388,74.86709226379139,2.7645237969337524,1.0
-2.6413695878838284,75.00389401259322,2.768710425369281,1.0
-2.978661210575383,75.13648480673993,2.7692786046429974,1.0
-3.315441062309878,75.26813008332164,2.7693346963640337,1.0
-3.651474147707869,75.39943275103735,2.7693734204088263,1.0
-3.989400123028768,75.53147859366102,2.769428131856777,1.0
-4.35067129090948,75.67284368830046,2.769735984223116,1.0
-4.715333863065659,75.81530248310922,2.7758810735731774,1.0
-5.079051610132995,75.9491720670339,2.8421851757317653,1.0
-5.448198703399218,76.06590291356159,2.8533978974459795,1.0
-5.818286602099367,76.17656734760527,2.8542902451051693,1.0
-6.187841500458879,76.28592767891001,2.8543846335594893,1.0
-6.555836028575417,76.39374890440466,2.8833495012563044,1.0
-6.919381004020551,76.48264172952695,3.002229797225384,1.0
-7.28673075345455,76.53020167647215,3.1020317776848736,1.0
-7.657780345156051,76.54833674276108,3.122006780258145,1.0
-8.028305671555149,76.55702074530822,3.123393913543836,1.0
-8.3980227728668,76.56399178166014,3.1235784982553167,1.0
-8.705481658877224,76.56959758273086,3.1236132251591795,1.0
-9.135254090833364,76.57742339318905,3.1236506515631794,1.0
-9.52304841637844,76.58463884114069,3.123943379031516,1.0
-9.944156661972071,76.5924465859995,3.124317370477688,1.0
-10.296491530406213,76.59875989000214,3.124456016652038,1.0
-10.789052473710877,76.60746621533322,3.124646796495216,1.0
-11.20986202759788,76.61484746576193,3.1247977006627004,1.0
-11.630041123478897,76.62211682663768,3.124939875687116,1.0
-11.97912239756952,76.6281240802022,3.1250486199708165,1.0
-12.397465860441628,76.6352874245851,3.125216396912764,1.0
-12.8840806603694,76.64352647089538,3.1253816943143558,1.0
-13.231031983304094,76.64934464866897,3.1255081886334914,1.0
-13.646259712748524,76.6562392833216,3.125632222419044,1.0
-14.06075484824779,76.66309706953317,3.125799866517159,1.0
-14.474068426000724,76.66984032291575,3.125923838599417,1.0
-14.886654396079654,76.67654733157397,3.1260914201419387,1.0
-15.298063881965891,76.68314052850471,3.126215331795469,1.0
-15.774706389692826,76.68786166209092,-3.100965616043038,1.0
-16.112705421063666,76.67485597528186,-3.058240280612855,1.0
-16.516956353986853,76.64420310368033,-3.0545515292055643,1.0
-16.918601197446513,76.60884860767307,-3.022940627399444,1.0
-17.307600756565915,76.55443898436722,-2.892716138735924,1.0
-17.682869868311574,76.45453384517579,-2.7847362314992394,1.0
-18.048896119246603,76.32258829056892,-2.7669505817773348,1.0
-18.410634753608065,76.18188136543888,-2.765557818741194,1.0
-18.77091869837892,76.03989684616903,-2.7653703021830687,1.0
-19.13029236607176,75.89801816314481,-2.765328207906573,1.0
-19.4888361346308,75.75644375348551,-2.765312255442649,1.0
-19.84655596522678,75.61518244152086,-2.765311954839269,1.0
-20.203457500271337,75.47424247475479,-2.765317306125778,1.0
-20.5595428592698,75.3336230292754,-2.7653283062122025,1.0
-20.914777022138587,75.19331712254126,-2.763460686133038,1.0
-21.26547515961167,75.05082885479372,-2.705796496665269,1.0
-21.54024296192677,74.91805909851355,-2.58645187509369,1.0
-21.89245278967685,74.68627608498161,-2.4528119576215657,1.0
-22.175180438422476,74.45836576073074,-2.4312151414199845,1.0
-22.405105905267888,74.26256328916664,-2.4298138368748243,1.0
-22.7247519606649,73.98729295921471,-2.429499735924905,1.0
-22.998079862735548,73.75148381727712,-2.4294552520110275,1.0
-23.234959009894272,73.5472877920953,-2.4292648382520703,1.0
-23.533733224593234,73.28971829982021,-2.428992878549224,1.0
-23.879043505634822,72.98946616934633,-2.386993777403108,1.0
-24.112772518138783,72.76706737960436,-2.3122375542610545,1.0
-24.376893897634623,72.48332823157334,-2.2940812295810264,1.0
-24.67648611379073,72.14601345946895,-2.292710676480592,1.0
-24.887372502209136,71.90489308671948,-2.258464071853436,1.0
-25.11871734614489,71.61100802963469,-2.1299158144503645,1.0
-25.337751755499177,71.24107838908702,-1.998943445376612,1.0
-25.469533840223008,70.96222677677865,-1.9759447666723051,1.0
-25.61708747474775,70.62363322694041,-1.9720487156806497,1.0
-25.757496304402604,70.28591117954932,-1.9122656536383196,1.0
-25.893986594932688,69.88524749712609,-1.839825579452024,1.0
-25.977115454901615,69.5945170673452,-1.8359187825829737,1.0
-26.07271666236804,69.24527816808389,-1.8352042885362816,1.0
-26.167255317925864,68.89660054245705,-1.8351353008509608,1.0
-26.26150231197127,68.54869279850807,-1.8350967321391745,1.0
-26.35446036390747,68.2024864184128,-1.805825191049705,1.0
-26.43089174216918,67.85883434504085,-1.707888798651435,1.0
-26.48039113509621,67.50988077768775,-1.6683442143721148,1.0
-26.516872637036748,67.15984741614483,-1.6659442068572805,1.0
-26.55061653256244,66.81034333767147,-1.66561219820965,1.0
-26.583863541533614,66.46158836447526,-1.665581691150439,1.0
-26.616955634215696,66.11373551283619,-1.6599949818841395,1.0
-26.644557715453388,65.76982481311182,-1.5917679648770673,1.0
-26.643500629062974,65.43576973854738,-1.4599565973320996,1.0
-26.60454911825359,65.1042331643489,-1.383001998110376,1.0
-26.54556852076392,64.77496835716832,-1.3781801772265485,1.0
-26.482323335778997,64.44727529795017,-1.377571580496459,1.0
-26.41849996437565,64.1204577922023,-1.377511321397378,1.0
-26.35355454043365,63.78777016814849,-1.3773634649207172,1.0
-26.295595966479144,63.49036235810875,-1.3771053954797785,1.0
-26.212872094777016,63.07169356692616,-1.3484870805197946,1.0
-26.13146413681845,62.71747771845734,-1.311475444466224,1.0
-26.055716802006764,62.42437081593493,-1.309425196289882,1.0
-25.94718828431508,62.01591806303463,-1.3088045490249411,1.0
-25.853775779590364,61.66660591343475,-1.306863003841744,1.0
-25.77446610275937,61.37837974333901,-1.2641108241225218,1.0
-25.648034446965784,60.98094025290902,-1.2412905034023018,1.0
-25.53340952927021,60.6431263068372,-1.2404803233593855,1.0
-25.437320406843764,60.36246011501358,-1.24038794968597,1.0
-25.302976131481365,59.97045943830451,-1.2403509988922363,1.0
-25.18808097950061,59.63529144963831,-1.2403513327744435,1.0
-25.092532149502567,59.35656479995351,-1.2403563050080022,1.0
-24.959064506022163,58.96723098745744,-1.2403701111474583,1.0
-24.84494220070059,58.63433460256829,-1.240388293297331,1.0
-24.750036169795703,58.35749652561906,-1.240407928993534,1.0
-24.617466159856296,57.97080005176199,-1.2404422498184349,1.0
-24.50411112981978,57.64015808312948,-1.2404780080829036,1.0
-24.409843012137102,57.36519433343785,-1.2405122756078135,1.0
-24.278163797565806,56.98111530205997,-1.2405670740796324,1.0
-24.18431824915091,56.70739325752324,-1.2406110837471551,1.0
-24.053229121850062,56.32504824627098,-1.240679516785126,1.0
-23.940667602010613,55.99663476472296,-1.24071481481036,1.0
-23.821647915732797,55.64832674273884,-1.2404539594582216,1.0
-23.700363820365272,55.29375825170815,-1.2402452293228097,1.0
-23.599402663952365,54.99894989977088,-1.240128005849232,1.0
-23.45840152082792,54.58733012441801,-1.2399491110404348,1.0
-23.357807458949583,54.29389489232978,-1.2398373163488563,1.0
-23.21732872275096,53.88418921105452,-1.2396599045463148,1.0
-23.11710825261756,53.59211718836787,-1.2395482956939012,1.0
-22.97715177521984,53.18431494801792,-1.2393709875407304,1.0
-22.877303590537885,52.89359902712616,-1.2392594211785803,1.0
-22.73786729822636,52.48769036910761,-1.2390821743661102,1.0
-22.638389874385997,52.1983235146299,-1.2389706443160728,1.0
-22.4994716285033,51.79429865342195,-1.238793463865205,1.0
-22.3806258832387,51.44892215620172,-1.2386709336862685,1.0
-22.261961133214573,51.10412309246878,-1.238504852828086,1.0
-22.143556632113192,50.7603484055112,-1.2383823753362928,1.0
-22.045053473395555,50.47436649666592,-1.2382452590714943,1.0
-21.90736713323973,50.07496594473153,-1.238093917976911,1.0
-21.809229467260312,49.7903088523166,-1.2379568403061734,1.0
-21.672053774485235,49.39275828564974,-1.2378055592381814,1.0
-21.57428012664205,49.10941924288915,-1.2376685223545694,1.0
-21.439804435054228,48.71435868236293,-1.278469107469697,1.0
-21.35489150507008,48.43064100482652,-1.3197158670699618,1.0
-21.264472289412844,48.08732183506523,-1.322529232443951,1.0
-21.177382957799452,47.744429415488014,-1.328176224142768,1.0
-21.09626534626223,47.40328209424044,-1.3913888337182851,1.0
-21.03207325970845,47.00457161332861,-1.4867579447484514,1.0
-21.004804722359257,46.71697347974318,-1.498811410746586,1.0
-20.974787612058105,46.31481970781736,-1.4999523724110784,1.0
-20.954509753337835,46.02809739258234,-1.5052848888093433,1.0
-20.935563003973225,45.68734241452696,-1.5691087808363855,1.0
-20.94256446910468,45.356329675365295,-1.696953810414855,1.0
-20.995498675941445,44.97466439050436,-1.7800897308024934,1.0
-21.04986414406588,44.704609826385024,-1.7853292166353962,1.0
-21.11942784132483,44.38245271732473,-1.7859872938541834,1.0
-21.189790998604664,44.06088109686591,-1.786004885732114,1.0
-21.260208735871988,43.739828180570846,-1.7858655850394072,1.0
-21.348962539999324,43.33555396752035,-1.7854422147683513,1.0
-21.414536701724582,43.03603084545722,-1.785261491935496,1.0
-21.50761494090784,42.61907323230879,-1.828100035436204,1.0
-21.586555215627516,42.32940608612101,-1.908733492107684,1.0
-21.704511918013004,41.988009388031806,-1.935107411364668,1.0
-21.83156326001308,41.65101561327105,-1.9365026017327247,1.0
-21.96069583027157,41.31633466596625,-1.9650294218850168,1.0
-22.10131533415872,40.99388035125399,-2.0678196444462813,1.0
-22.26938270354424,40.685726295610486,-2.124039354863638,1.0
-22.48200174752133,40.33662717444226,-2.126975383443796,1.0
-22.63579720331333,40.09038428522159,-2.1569471588513087,1.0
-22.829237923024237,39.811748101061845,-2.2739208169095835,1.0
-23.049522771113804,39.55931015825001,-2.3768255280674846,1.0
-23.29007726776551,39.324629402482735,-2.39760986319182,1.0
-23.53618300522906,39.09662108705656,-2.3987134057063693,1.0
-23.78255340345967,38.87035456591571,-2.3987847975841747,1.0
-24.028695115634708,38.64462045720989,-2.398649516261305,1.0
-24.27400249061762,38.41967158306289,-2.405281820983901,1.0
-24.51969295400949,38.20291771896642,-2.485071698456337,1.0
-24.77676041236807,38.014287165838894,-2.601493639176505,1.0
-25.05162014185548,37.84927545267095,-2.6499388597181825,1.0
-25.332663724779344,37.69635237795537,-2.6523173537537854,1.0
-25.614555275872014,37.54607954982063,-2.652513921008122,1.0
-25.895793609838297,37.39657974302102,-2.652445273622651,1.0
-26.177731078182145,37.24678200304968,-2.6522774609164834,1.0
-26.48425592222147,37.08402310806632,-2.651832215077036,1.0
-26.815842176623764,36.90772225986159,-2.6514870231715983,1.0
-27.09266741584469,36.76027439554984,-2.6513470040187137,1.0
-27.479157865573026,36.55432780663691,-2.6511619867578293,1.0
-27.809524889098206,36.37817631004757,-2.6510383566196944,1.0
-28.13959297413948,36.20216493538974,-2.6508657615801434,1.0
-28.430632302999637,36.046976962282834,-2.650556190399767,1.0
-28.86433462369577,35.815524500732494,-2.6502019587275987,1.0
-29.2363318306826,35.616740208909484,-2.6500128909527625,1.0
-29.545603007916025,35.45136194723287,-2.6498969618543597,1.0
-29.91570530613241,35.25342991240142,-2.649746180053054,1.0
-30.34651623145172,35.02289281139171,-2.6495926373407803,1.0
-30.714953254250663,34.8256994730036,-2.6494248608423856,1.0
-31.02127656575705,34.6616633818576,-2.6493121728069764,1.0
-31.38785274839669,34.46534300818841,-2.649162330590765,1.0
-31.81456232399998,34.236682520678485,-2.649009071638225,1.0
-32.11862599779288,34.07370797956794,-2.6468702357532536,1.0
-32.47841150255916,33.87631664492367,-2.585245692546152,1.0
-32.82600738125732,33.661733823162265,-2.5561208704611933,1.0
-33.22372338454882,33.400481326456124,-2.554058047322396,1.0
-33.50560219824008,33.21303416520628,-2.5427028245251964,1.0
-33.83205428320412,32.983009816962905,-2.4402795169200138,1.0
-34.13168096393817,32.72547314333167,-2.34507213949642,1.0
-34.45745551433095,32.398752023526974,-2.33381560010709,1.0
-34.683914730966734,32.16206240666959,-2.3031195042242047,1.0
-34.93646442557716,31.87026375135325,-2.199422726306236,1.0
-35.1655813642346,31.55889232784305,-2.167436702653606,1.0
-35.38403169044053,31.240846708706044,-2.1654068239596973,1.0
-35.59985980140713,30.922226212039327,-2.1593631547388927,1.0
-35.807859899965415,30.603867461233204,-2.08580844788132,1.0
-35.99019410533522,30.27437222731909,-2.0043055207032734,1.0
-36.12559757866366,29.990760543050698,-1.994125527529711,1.0
-36.29975295051025,29.592902689636038,-1.9100341033133776,1.0
-36.41002300778994,29.252437854709616,-1.757937286819389,1.0
-36.46765207287002,28.906739974528374,-1.6218550477324498,1.0
-36.48749052293883,28.55430186594659,-1.5778335562233,1.0
-36.49238663206588,28.20176273446964,-1.5754238283308657,1.0
-36.49413818167234,27.908573185182853,-1.5750726639874904,1.0
-36.49600326341504,27.499031844061324,-1.5750577090289706,1.0
-36.49730184411487,27.20716344394486,-1.5750816127745375,1.0
-36.49906700349876,26.799584500214305,-1.569708460184527,1.0
-36.49516591708218,26.454471816275927,-1.5006431990736686,1.0
-36.47524344260261,26.169210405120594,-1.4480686878268227,1.0
-36.42927076625479,25.77142502466709,-1.4433736384141025,1.0
-36.39340768143697,25.488406568786523,-1.4398447086746555,1.0
-36.3372615037799,25.097992242522903,-1.3633342689137236,1.0
-36.27746693086474,24.83265193162269,-1.251398597854524,1.0
-36.15121103811468,24.47494999859576,-1.148531010107778,1.0
-36.04244818562487,24.22555457453717,-1.1366659440790607,1.0
-35.90647522246545,23.929459087471013,-1.1355298428976033,1.0
-35.74676402289943,23.585556559283905,-1.1338532811574975,1.0
-35.63181264801654,23.34340360130127,-1.087942031863409,1.0
-35.48084048191013,23.06280223270177,-1.017255029862031,1.0
-35.28718210001836,22.74469641985277,-1.0094282419130487,1.0
-35.14628560774078,22.519759404043683,-1.0090118480902044,1.0
-34.97709134762482,22.250813554484868,-1.0038243220848335,1.0
-34.776908522508904,21.945344251516158,-0.9245906240796437,1.0
-34.62268095048753,21.748068139613803,-0.8135736079686531,1.0
-34.41408526927,21.53225400095539,-0.7246564742659862,1.0
-34.18975267118185,21.33056851192036,-0.7068112803347287,1.0
-33.923382497921274,21.101722533030458,-0.7057936854391081,1.0
-33.73297084207184,20.93929097530931,-0.7057281972497069,1.0
-33.504884234547724,20.744838368326576,-0.7057164569900294,1.0
-33.23972254229761,20.520067432177758,-0.6757861616549428,1.0
-33.047274249901605,20.366475766097327,-0.6403923868871191,1.0
-32.811382266645886,20.188581623404097,-0.6377509151393833,1.0
-32.5747199957204,20.012807689758805,-0.6374834170140442,1.0
-32.29905575541813,19.80852870367203,-0.6375028848627778,1.0
-32.10283626760795,19.663352407457104,-0.6241158466342062,1.0
-31.86599856905893,19.49610725939485,-0.5700050876292833,1.0
-31.622720869806468,19.338240709057946,-0.5610528971956519,1.0
-31.37799577738919,19.183783888959443,-0.5605452866796891,1.0
-31.13348671625179,19.030185640260736,-0.5605014667498743,1.0
-30.88949718782224,18.87696207717857,-0.5604919418446408,1.0
-30.646046792209862,18.72407929619076,-0.5604887832827314,1.0
-30.391752437655853,18.564220304743884,-0.5602598247628452,1.0
-30.10819046889045,18.385868341233383,-0.5598916603100796,1.0
-29.821506639565623,18.20587739572711,-0.5597351032894867,1.0
-29.53523350062734,18.02620960653064,-0.5595643284301208,1.0
-29.249747072071667,17.847142034107648,-0.5594417780735326,1.0
-29.01224195021393,17.698171826424943,-0.5593051838417428,1.0
-28.680452310555943,17.49018937482292,-0.5591547453208636,1.0
-28.39664161227772,17.31230103930524,-0.5589895725833118,1.0
-28.160604018597702,17.164435186195494,-0.5588787922049328,1.0
-27.831029328785554,16.957992869989546,-0.5587028410264211,1.0
-27.54922484660321,16.781570603291257,-0.5585812685874224,1.0
-27.312626907477583,16.633433413244358,-0.558407308786968,1.0
-26.949376275867063,16.40597054415372,-0.5579266354682493,1.0
-26.62680561166732,16.204350455542645,-0.5577479233305619,1.0
-26.358408770092804,16.036659281526205,-0.5576025885631588,1.0
-25.983468989919057,15.802552189856192,-0.5574487194044564,1.0
-25.66276825832667,15.602340885539826,-0.557281994324225,1.0
-25.34294290387831,15.402781719653747,-0.5571590784674822,1.0
-25.02364608294019,15.203574301549434,-0.5569926289485655,1.0
-24.75810322297424,15.037988248119213,-0.5568809069612728,1.0
-24.38732164719279,14.80680657922249,-0.5567034066874921,1.0
-24.07029061974481,14.609243465220867,-0.5565806316726142,1.0
-23.80655691217006,14.44489923903878,-0.5564432709819891,1.0
-23.49055604789112,14.24809532732368,-0.5563026604720732,1.0
-23.09985579256476,14.004668478593269,-0.555863231966953,1.0
-22.79510807934318,13.814921390234304,-0.5555103927780166,1.0
-22.3667618400352,13.548667404870928,-0.5552978533200844,1.0
-22.061310657364583,13.358925288783164,-0.5551657396190254,1.0
-21.69570644657019,13.131909565287437,-0.555040013128261,1.0
-21.26994123656384,12.867606834618496,-0.5548562069914565,1.0
-20.966767569393493,12.679470013836204,-0.5547472115815942,1.0
-20.60342966725638,12.454041547926506,-0.5545791436330023,1.0
-20.180747284356727,12.191905484559664,-0.554413525343211,1.0
-19.87935484387951,12.005057647662865,-0.5542867797138725,1.0
-19.458554117478144,11.744257351607484,-0.5541212331657117,1.0
-19.1585023280163,11.55836099998055,-0.5539945418035499,1.0
-18.79109351163805,11.330704702288022,-0.5537301305374284,1.0
-18.307542703323225,11.031133669001228,-0.5530235194227447,1.0
-17.9331934644883,10.79963850814835,-0.5526839531999881,1.0
-17.481877485442297,10.521042535992256,-0.5525255207822148,1.0
-16.956747832272608,10.197147839282238,-0.5525116076060145,1.0
-16.58254458515947,9.966360844833504,-0.5525198590254371,1.0
-16.134485051208163,9.690024987710194,-0.5525339243717879,1.0
-15.687496450518866,9.41435121254085,-0.5525525504298562,1.0
-15.241575829288804,9.13933766039869,-0.5525757384974297,1.0
-14.796720201541069,8.864982508776102,-0.5526034946738175,1.0
-14.35292659176269,8.591283972527698,-0.5526358183094751,1.0
-13.91019206000954,8.318240227755263,-0.5526727119477928,1.0
-13.468513631546536,8.045849444174868,-0.5527141791040833,1.0
-13.027888364381626,7.774109844545142,-0.5527602251432808,1.0
-12.58831332862274,7.503019607363822,-0.5528108450068995,1.0
-12.149801101128276,7.232552062199455,-0.5528359428683137,1.0
-11.712333278403186,6.962730380446509,-0.5528656848991812,1.0
-11.27592264995076,6.693527540261166,-0.5528695502881834,1.0
-10.840550604521406,6.424967066682829,-0.5528781163208479,1.0
-10.406214293230896,6.1570471527398025,-0.5528913710963624,1.0
-9.972910823561374,5.889766045007812,-0.5529093204493403,1.0
-9.540652643133694,5.6230973597381535,-0.5529021981532763,1.0
-9.109421576356844,5.357064029971017,-0.5528998332281955,1.0
-8.750844917035256,5.135853658408768,-0.5529014872635133,1.0
-8.32148956182963,4.870980596636625,-0.5529078196803828,1.0
-7.821862823492376,4.56275867270458,-0.5529212103639904,1.0
-7.394712001886494,4.299249317289454,-0.5529378312265512,1.0
-7.039529703437771,4.080132548690054,-0.5529500617800472,1.0
-6.614249196371601,3.8177462939831592,-0.5529457102528227,1.0
-6.119362508571579,3.512416674350298,-0.5529464077903624,1.0
-5.696262514952176,3.251379066849907,-0.552952214706551,1.0
-5.274164482431667,2.990961336607794,-0.5529628216922519,1.0
-4.923179524985218,2.7744188649644945,-0.5529753351907003,1.0
-4.502911288009111,2.515133192841566,-0.55299476037838,1.0
-4.083652628207615,2.256437829108104,-0.5529890192043625,1.0
-3.66538538862126,1.998355963583372,-0.5529881465701649,1.0
-3.1786563581733582,1.698033549043149,-0.5529932672332631,1.0
-2.831814324061095,1.4840258795717076,-0.5530009719979823,1.0
-2.416505103904191,1.2277743496724731,-0.5530146799308079,1.0
-2.002176510026645,0.9721296213354012,-0.5530332544225116,1.0
-1.5888385861297492,0.7170695229827225,-0.5530319124063692,1.0
-1.2451375199151142,0.5049771653828781,-0.5530304212775294,1.0
-0.8335880596363325,0.2510182701367244,-0.5530331325778525,1.0
-0.4230089762939005,-0.0023400692947662,-0.5530407579002025,1.0
-0.0133976256516963,-0.2550994943086802,-0.5530532999512547,1.0
